[
  {
    "plmn": "310200",
    "nibbledPlmn": "130002",
    "mcc": "310",
    "mnc": "200",
    "region": "North America and the Caribbean",
    "type": "National",
    "countryName": "United States of America",
    "countryCode": "US",
    "lat": "39.828175",
    "long": "-98.5795",
    "brand": null,
    "operator": "T-Mobile",
    "status": "Not operational",
    "bands": "GSM 1900",
    "notes": null
  },
  {
    "plmn": "23400",
    "nibbledPlmn": "32F400",
    "mcc": "234",
    "mnc": "00",
    "region": "Europe",
    "type": "National",
    "countryName": "United Kingdom",
    "countryCode": "GB",
    "lat": "51.507351",
    "long": "-0.127758",
    "brand": "BT",
    "operator": "BT Group",
    "status": "Operational",
    "bands": "GSM 900 / GSM 1800 / UMTS 2100",
    "notes": null
  },
  {
    "plmn": "21201",
    "nibbledPlmn": "12F210",
    "mcc": "212",
    "mnc": "01",
    "region": "Europe",
    "type": "National",
    "countryName": "Kosovo",
    "countryCode": "XK",
    "lat": "42.583333",
    "long": "21",
    "brand": "Office des Telephones",
    "operator": "Monaco Telecom",
    "status": "Operational",
    "bands": "GSM 1800 / UMTS 900 / UMTS 2100 / LTE 800 / LTE 1800 / LTE 2600",
    "notes": null
  },
  {
    "plmn": "42801",
    "nibbledPlmn": "24F810",
    "mcc": "428",
    "mnc": "01",
    "region": "Asia and the Middle East",
    "type": "National",
    "countryName": "Mongolia",
    "countryCode": "MN",
    "lat": "46",
    "long": "105",
    "brand": "Skytel",
    "operator": "Skytel",
    "status": "Operational",
    "bands": "UMTS 850 / UMTS 2100",
    "notes": null
  },
  {
    "plmn": "70802",
    "nibbledPlmn": "07F820",
    "mcc": "708",
    "mnc": "02",
    "region": "South and Central America",
    "type": "National",
    "countryName": "Honduras",
    "countryCode": "HN",
    "lat": "15",
    "long": "-86.5",
    "brand": "Tigo",
    "operator": "Celtel",
    "status": "Operational",
    "bands": "GSM 900",
    "notes": null
  },
  {
    "plmn": "710300",
    "nibbledPlmn": "170003",
    "mcc": "710",
    "mnc": "300",
    "region": "South and Central America",
    "type": "National",
    "countryName": "Nicaragua",
    "countryCode": "NI",
    "lat": "13",
    "long": "-85",
    "brand": "movistar",
    "operator": "Telefonía Celular de Nicaragua, S.A. (Telefónica, S.A.)",
    "status": "Operational",
    "bands": "GSM 850 / GSM 1900 / UMTS 850",
    "notes": null
  },
  {
    "plmn": "72207",
    "nibbledPlmn": "27F270",
    "mcc": "722",
    "mnc": "07",
    "region": "South and Central America",
    "type": "National",
    "countryName": "Argentina",
    "countryCode": "AR",
    "lat": "-34",
    "long": "-64",
    "brand": "Movistar",
    "operator": "Telefónica Móviles Argentina S.A.",
    "status": "Operational",
    "bands": "GSM 850 / GSM 1900 / UMTS 850 / UMTS 2100",
    "notes": null
  },
  {
    "plmn": "72234",
    "nibbledPlmn": "27F243",
    "mcc": "722",
    "mnc": "34",
    "region": "South and Central America",
    "type": "National",
    "countryName": "Argentina",
    "countryCode": "AR",
    "lat": "-34",
    "long": "-64",
    "brand": "Personal",
    "operator": "Telecom Personal S.A.",
    "status": "Operational",
    "bands": "GSM 850 / GSM 1900 / UMTS 850 / UMTS 1900 / LTE 1700 / LTE 2100",
    "notes": null
  },
  {
    "plmn": "28406",
    "nibbledPlmn": "82F460",
    "mcc": "284",
    "mnc": "06",
    "region": "Europe",
    "type": "National",
    "countryName": "Bulgaria",
    "countryCode": "BG",
    "lat": "43",
    "long": "25",
    "brand": "Vivatel",
    "operator": "Vivatel",
    "status": "Operational",
    "bands": "GSM 900 / GSM 1800 / UMTS 900 / UMTS 2100 / LTE 1800 / LTE 2100",
    "notes": null
  },
  {
    "plmn": "33403",
    "nibbledPlmn": "33F430",
    "mcc": "334",
    "mnc": "03",
    "region": "North America and the Caribbean",
    "type": "National",
    "countryName": "Mexico",
    "countryCode": "MX",
    "lat": "23",
    "long": "-102",
    "brand": "Movistar",
    "operator": "Telefónica",
    "status": "Operational",
    "bands": "GSM 1900 / UMTS 850 / LTE 1900",
    "notes": "former Pegaso PCS; used by MVNO Virgin Mobile"
  },
  {
    "plmn": "30250",
    "nibbledPlmn": "03F205",
    "mcc": "302",
    "mnc": "50",
    "region": "North America and the Caribbean",
    "type": "National",
    "countryName": "Canada",
    "countryCode": "CA",
    "lat": "60",
    "long": "-96",
    "brand": "Videotron",
    "operator": "Videotron",
    "status": "Operational",
    "bands": "UMTS 1700 / LTE 1700",
    "notes": null
  },
  {
    "plmn": "50203",
    "nibbledPlmn": "05F230",
    "mcc": "502",
    "mnc": "03",
    "region": "Oceania",
    "type": "National",
    "countryName": "Malaysia",
    "countryCode": "MY",
    "lat": "2.5",
    "long": "112.5",
    "brand": "Maxis",
    "operator": "Maxis Communications Berhad",
    "status": "Operational",
    "bands": "GSM 900 / GSM 1800 / UMTS 2100 / LTE 2600",
    "notes": null
  },
  {
    "plmn": "33805",
    "nibbledPlmn": "33F850",
    "mcc": "338",
    "mnc": "05",
    "region": "North America and the Caribbean",
    "type": "National",
    "countryName": "Montserrat (United Kingdom)",
    "countryCode": "MS",
    "lat": "16.75",
    "long": "-62.2",
    "brand": "Digicel",
    "operator": "Digicel (Montserrat) Limited",
    "status": "Operational",
    "bands": "GSM 850",
    "notes": null
  },
  {
    "plmn": "33420",
    "nibbledPlmn": "33F402",
    "mcc": "334",
    "mnc": "20",
    "region": "North America and the Caribbean",
    "type": "National",
    "countryName": "Mexico",
    "countryCode": "MX",
    "lat": "23",
    "long": "-102",
    "brand": "Telcel",
    "operator": "América Móvil",
    "status": "Operational",
    "bands": "GSM 1900 / UMTS 850 / UMTS 1900 / LTE 1700 / LTE 2600",
    "notes": null
  },
  {
    "plmn": "31045",
    "nibbledPlmn": "13F054",
    "mcc": "310",
    "mnc": "45",
    "region": "North America and the Caribbean",
    "type": "National",
    "countryName": "United States of America",
    "countryCode": "US",
    "lat": "39.828175",
    "long": "-98.5795",
    "brand": "Viaero",
    "operator": "Viaero Wireless",
    "status": "Operational",
    "bands": "GSM 850 / GSM 1900 / UMTS 850 / UMTS 1900",
    "notes": "Formerly North East Cellular Inc., CellONE; Colorado / Kansas / Nebraska"
  },
  {
    "plmn": "90105",
    "nibbledPlmn": "09F150",
    "mcc": "901",
    "mnc": "05",
    "region": "Worldwide",
    "type": "International",
    "countryName": "Satellite Networks",
    "countryCode": "n/a",
    "lat": null,
    "long": null,
    "brand": "Thuraya Satellite",
    "operator": "Thuraya RMSS Network",
    "status": "Operational",
    "bands": "Satellite",
    "notes": null
  },
  {
    "plmn": "90112",
    "nibbledPlmn": "09F121",
    "mcc": "901",
    "mnc": "12",
    "region": "Worldwide",
    "type": "International",
    "countryName": "Satellite Networks",
    "countryCode": "n/a",
    "lat": null,
    "long": null,
    "brand": "Maritime Communications Partner AS",
    "operator": "Telenor Maritime AS",
    "status": "Operational",
    "bands": "GSM 1800 / LTE 800",
    "notes": "Maritime; formerly Maritime Communications Partner (MCP)"
  },
  {
    "plmn": "90114",
    "nibbledPlmn": "09F141",
    "mcc": "901",
    "mnc": "14",
    "region": "Worldwide",
    "type": "International",
    "countryName": "Satellite Networks",
    "countryCode": "n/a",
    "lat": null,
    "long": null,
    "brand": "AeroMobile",
    "operator": "AeroMobile AS",
    "status": "Operational",
    "bands": "GSM 1800",
    "notes": "Air"
  },
  {
    "plmn": "90118",
    "nibbledPlmn": "09F181",
    "mcc": "901",
    "mnc": "18",
    "region": "Worldwide",
    "type": "International",
    "countryName": "Satellite Networks",
    "countryCode": "n/a",
    "lat": null,
    "long": null,
    "brand": "WMS (Cellular at Sea)",
    "operator": "WMS (Cellular at Sea)",
    "status": "Operational",
    "bands": "GSM 900 / GSM 1800 / UMTS 2100",
    "notes": "Maritime"
  },
  {
    "plmn": "90119",
    "nibbledPlmn": "09F191",
    "mcc": "901",
    "mnc": "19",
    "region": "Worldwide",
    "type": "International",
    "countryName": "Satellite Networks",
    "countryCode": "n/a",
    "lat": null,
    "long": null,
    "brand": "Vodafone Malta Maritime",
    "operator": "Vodafone Malta Maritime",
    "status": "Operational",
    "bands": "GSM 900 / GSM 1800 / UMTS 2100",
    "notes": "Maritime"
  },
  {
    "plmn": "90126",
    "nibbledPlmn": "09F162",
    "mcc": "901",
    "mnc": "26",
    "region": "Worldwide",
    "type": "International",
    "countryName": "Satellite Networks",
    "countryCode": "n/a",
    "lat": null,
    "long": null,
    "brand": "Telecom Italia SpA",
    "operator": "Telecom Italia Mobile",
    "status": "Operational",
    "bands": "GSM 1800 / GSM 1900",
    "notes": "Maritime"
  },
  {
    "plmn": "74601",
    "nibbledPlmn": "",
    "mcc": "746",
    "mnc": "01",
    "region": "South and Central America",
    "type": "National",
    "countryName": "Suriname",
    "countryCode": "SR",
    "lat": "4",
    "long": "-56",
    "brand": "Telesur",
    "operator": "Telecommunications Company Suriname (Telesur)",
    "status": "Operational",
    "bands": null,
    "notes": null
  },
  {
    "plmn": "42501",
    "nibbledPlmn": "24,510",
    "mcc": "425",
    "mnc": "01",
    "region": "Asia and the Middle East",
    "type": "National",
    "countryName": "Israel",
    "countryCode": "IL",
    "lat": "31.5",
    "long": "34.75",
    "brand": "Partner",
    "operator": "Partner Communications Company Ltd.",
    "status": "Operational",
    "bands": "GSM 900 / GSM 1800 / UMTS 900 / UMTS 2100 / LTE 1800",
    "notes": "Former Orange (until 2016)"
  },
  {
    "plmn": "310020",
    "nibbledPlmn": "130020",
    "mcc": "310",
    "mnc": "020",
    "region": "North America and the Caribbean",
    "type": "National",
    "countryName": "United States of America",
    "countryCode": "US",
    "lat": "39.828175",
    "long": "-98.5795",
    "brand": "Union Wireless",
    "operator": "Union Telephone Company",
    "status": "Operational",
    "bands": "GSM 850 / GSM 1900 / UMTS",
    "notes": null
  },
  {
    "plmn": "310120",
    "nibbledPlmn": "130021",
    "mcc": "310",
    "mnc": "120",
    "region": "North America and the Caribbean",
    "type": "National",
    "countryName": "United States of America",
    "countryCode": "US",
    "lat": "39.828175",
    "long": "-98.5795",
    "brand": "Sprint",
    "operator": "Sprint Corporation",
    "status": "Operational",
    "bands": "CDMA2000 1900 / LTE 850 / LTE 1900",
    "notes": null
  },
  {
    "plmn": "310160",
    "nibbledPlmn": "130061",
    "mcc": "310",
    "mnc": "160",
    "region": "North America and the Caribbean",
    "type": "National",
    "countryName": "United States of America",
    "countryCode": "US",
    "lat": "39.828175",
    "long": "-98.5795",
    "brand": "T-Mobile",
    "operator": "T-Mobile US",
    "status": "Operational",
    "bands": "GSM 1900",
    "notes": null
  },
  {
    "plmn": "310200",
    "nibbledPlmn": "130002",
    "mcc": "310",
    "mnc": "200",
    "region": "North America and the Caribbean",
    "type": "National",
    "countryName": "United States of America",
    "countryCode": "US",
    "lat": "39.828175",
    "long": "-98.5795",
    "brand": null,
    "operator": "T-Mobile",
    "status": "Not operational",
    "bands": "GSM 1900",
    "notes": null
  },
  {
    "plmn": "310240",
    "nibbledPlmn": "130042",
    "mcc": "310",
    "mnc": "240",
    "region": "North America and the Caribbean",
    "type": "National",
    "countryName": "United States of America",
    "countryCode": "US",
    "lat": "39.828175",
    "long": "-98.5795",
    "brand": null,
    "operator": "T-Mobile",
    "status": "Not operational",
    "bands": "GSM 1900",
    "notes": "New Mexico / Texas / Arizona"
  },
 {
    "plmn": "310250",
    "nibbledPlmn": "130052",
    "mcc": "310",
    "mnc": "250",
    "region": "North America and the Caribbean",
    "type": "National",
    "countryName": "United States of America",
    "countryCode": "US",
    "lat": "39.828175",
    "long": "-98.5795",
    "brand": null,
    "operator": "T-Mobile",
    "status": "Not operational",
    "bands": "GSM 1900",
    "notes": "Hawaii"
  },
  {
    "plmn": "310260",
    "nibbledPlmn": "130062",
    "mcc": "310",
    "mnc": "260",
    "region": "North America and the Caribbean",
    "type": "National",
    "countryName": "United States of America",
    "countryCode": "US",
    "lat": "39.828175",
    "long": "-98.5795",
    "brand": "T-Mobile",
    "operator": "T-Mobile USA",
    "status": "Operational",
    "bands": "GSM 1900 / UMTS 1900 / UMTS 1700 / LTE 850 / LTE 700 / LTE 1900 / LTE 1700",
    "notes": "Former Cook Inlet West Wireless, Voicestream; now universal USA code.  Also used for Ting."
  },
  {
    "plmn": "310270",
    "nibbledPlmn": "130072",
    "mcc": "310",
    "mnc": "270",
    "region": "North America and the Caribbean",
    "type": "National",
    "countryName": "United States of America",
    "countryCode": "US",
    "lat": "39.828175",
    "long": "-98.5795",
    "brand": null,
    "operator": "T-Mobile",
    "status": "Not operational",
    "bands": "GSM 1900",
    "notes": "Formerly Powertel"
  },
  {
    "plmn": "310310",
    "nibbledPlmn": "130013",
    "mcc": "310",
    "mnc": "310",
    "region": "North America and the Caribbean",
    "type": "National",
    "countryName": "United States of America",
    "countryCode": "US",
    "lat": "39.828175",
    "long": "-98.5795",
    "brand": null,
    "operator": "T-Mobile",
    "status": "Not operational",
    "bands": "GSM 1900",
    "notes": "Formerly Aerial Communications"
  },
  {
    "plmn": "310410",
    "nibbledPlmn": "130014",
    "mcc": "310",
    "mnc": "410",
    "region": "North America and the Caribbean",
    "type": "National",
    "countryName": "United States of America",
    "countryCode": "US",
    "lat": "39.828175",
    "long": "-98.5795",
    "brand": "AT&T",
    "operator": "AT&T Mobility",
    "status": "Operational",
    "bands": "GSM 850 / GSM 1900 / UMTS 850 / UMTS 1900",
    "notes": "Formerly Cingular Wireless, also used in Puerto Rico and U.S. Virgin Islands"
  },
  {
    "plmn": "310420",
    "nibbledPlmn": "130024",
    "mcc": "310",
    "mnc": "420",
    "region": "North America and the Caribbean",
    "type": "National",
    "countryName": "United States of America",
    "countryCode": "US",
    "lat": "39.828175",
    "long": "-98.5795",
    "brand": "Cincinnati Bell",
    "operator": "Cincinnati Bell Wireless",
    "status": "Not operational",
    "bands": "GSM 1900 / UMTS 1700",
    "notes": "Shut down 28 February 2015; MNC withdrawn"
  },
  {
    "plmn": "310450",
    "nibbledPlmn": "130054",
    "mcc": "310",
    "mnc": "450",
    "region": "North America and the Caribbean",
    "type": "National",
    "countryName": "United States of America",
    "countryCode": "US",
    "lat": "39.828175",
    "long": "-98.5795",
    "brand": "Viaero",
    "operator": "Viaero Wireless",
    "status": "Operational",
    "bands": "GSM 850 / GSM 1900 / UMTS 850 / UMTS 1900",
    "notes": "Formerly North East Cellular Inc., CellONE; Colorado / Kansas / Nebraska"
  },
  {
    "plmn": "310470",
    "nibbledPlmn": "130074",
    "mcc": "310",
    "mnc": "470",
    "region": "North America and the Caribbean",
    "type": "National",
    "countryName": "United States of America",
    "countryCode": "US",
    "lat": "39.828175",
    "long": "-98.5795",
    "brand": "Shentel",
    "operator": "Shenandoah Telecommunications Company",
    "status": "Operational",
    "bands": "CDMA2000 1900",
    "notes": "Former nTelos; note that 310-470 may also be in use by Docomo Pacific"
  },
  {
    "plmn": "310490",
    "nibbledPlmn": "130094",
    "mcc": "310",
    "mnc": "490",
    "region": "North America and the Caribbean",
    "type": "National",
    "countryName": "United States of America",
    "countryCode": "US",
    "lat": "39.828175",
    "long": "-98.5795",
    "brand": null,
    "operator": "T-Mobile",
    "status": "Operational",
    "bands": "GSM 850 / GSM 1900",
    "notes": "Former Triton PCS, SunCom"
  },
  {
    "plmn": "310690",
    "nibbledPlmn": "130096",
    "mcc": "310",
    "mnc": "690",
    "region": "North America and the Caribbean",
    "type": "National",
    "countryName": "United States of America",
    "countryCode": "US",
    "lat": "39.828175",
    "long": "-98.5795",
    "brand": "Limitless Mobile",
    "operator": "Limitless Mobile, LLC",
    "status": "Unknown",
    "bands": "GSM 1900 / LTE 1900",
    "notes": "Former Conestoga Wireless, Keystone Wireless d/b/a Immix Wireless; in bankruptcy since November 2016"
  },
{
    "plmn": "311030",
    "nibbledPlmn": "130130",
    "mcc": "311",
    "mnc": "030",
    "region": "North America and the Caribbean",
    "type": "National",
    "countryName": "United States of America",
    "countryCode": "US",
    "lat": "39.828175",
    "long": "-98.5795",
    "brand": "Indigo Wireless",
    "operator": "Americell PA 3 Partnership",
    "status": "Operational",
    "bands": "GSM 850 / GSM 1900 / UMTS 850",
    "notes": "Pennsylvania"
  },
  {
    "plmn": "311040",
    "nibbledPlmn": "130140",
    "mcc": "311",
    "mnc": "040",
    "region": "North America and the Caribbean",
    "type": "National",
    "countryName": "United States of America",
    "countryCode": "US",
    "lat": "39.828175",
    "long": "-98.5795",
    "brand": "Choice Wireless",
    "operator": "Commnet Wireless",
    "status": "Operational",
    "bands": "GSM 850 / GSM 1900 / CDMA 2000 / UMTS",
    "notes": null
  },
  {
    "plmn": "311370",
    "nibbledPlmn": "130173",
    "mcc": "311",
    "mnc": "370",
    "region": "North America and the Caribbean",
    "type": "National",
    "countryName": "United States of America",
    "countryCode": "US",
    "lat": "39.828175",
    "long": "-98.5795",
    "brand": "GCI Wireless",
    "operator": "General Communication Inc.",
    "status": "Operational",
    "bands": "LTE 1700",
    "notes": "Former Alaska Communications"
  },
  {
    "plmn": "311480",
    "nibbledPlmn": "130184",
    "mcc": "311",
    "mnc": "480",
    "region": "North America and the Caribbean",
    "type": "National",
    "countryName": "United States of America",
    "countryCode": "US",
    "lat": "39.828175",
    "long": "-98.5795",
    "brand": "Verizon",
    "operator": "Verizon Wireless",
    "status": "Operational",
    "bands": "LTE 700",
    "notes": "C Block"
  },
  {
    "plmn": "73212",
    "nibbledPlmn": "",
    "mcc": "732",
    "mnc": "12",
    "region": "South and Central America",
    "type": "National",
    "countryName": "Colombia",
    "countryCode": "CO",
    "lat": "4",
    "long": "-72",
    "brand": "Telefonica",
    "operator": "Telefonica",
    "status": "Operational",
    "bands": "GSM 850 / GSM 1900 / UMTS 850 / UMTS 1900 / LTE 1700 / LTE 2600",
    "notes": null
  },
  {
    "plmn": "334140",
    "nibbledPlmn": "",
    "mcc": "334",
    "mnc": "140",
    "region": "North America and the Caribbean",
    "type": "National",
    "countryName": "Mexico",
    "countryCode": "MX",
    "lat": "23",
    "long": "-102",
    "brand": "AR Mexico",
    "operator": "Telefónica",
    "status": "Operational",
    "bands": "GSM 1900 / UMTS 850 / LTE 1900",
    "notes": ""
  },
  {
    "plmn": "310110",
    "nibbledPlmn": "",
    "mcc": "310",
    "mnc": "110",
    "region": "North America and the Caribbean",
    "type": "National",
    "countryName": "Guam (United States of America)",
    "countryCode": "GU",
    "lat": "13.4444444",
    "long": "144.7366667",
    "brand": "IT&E Wireless",
    "operator": "IT&E Overseas, Inc",
    "status": "Operational",
    "bands": "CDMA 1900 / GSM 1900 / LTE 700",
    "notes": null
  },
  {
    "plmn": "21202",
    "nibbledPlmn": "12F220",
    "mcc": "212",
    "mnc": "02",
    "region": "Europe",
    "type": "National",
    "countryName": "Monaco",
    "countryCode": "MC",
    "lat": "43.733333",
    "long": "7.4",
    "brand": null,
    "operator": "Monaco Telecom",
    "status": "Operational",
    "bands": null,
    "notes": null
  },
  {
    "plmn": "40433",
    "nibbledPlmn": "04F433",
    "mcc": "404",
    "mnc": "33",
    "region": "Asia and the Middle East",
    "type": "National",
    "countryName": "India",
    "countryCode": "IN",
    "lat": "20",
    "long": "77",
    "brand": null,
    "operator": "Aircel Limited",
    "status": "Operational",
    "bands": null,
    "notes": null
  },
  {
    "plmn": "41866",
    "nibbledPlmn": "14F866",
    "mcc": "418",
    "mnc": "66",
    "region": "Asia and the Middle East",
    "type": "National",
    "countryName": "Iraq",
    "countryCode": "IQ",
    "lat": "33",
    "long": "44",
    "brand": null,
    "operator": "Regional Telecom Company",
    "status": "Operational",
    "bands": null,
    "notes": null
  },
  {
    "plmn": "46013",
    "nibbledPlmn": "64F031",
    "mcc": "460",
    "mnc": "13",
    "region": "Asia and the Middle East",
    "type": "National",
    "countryName": "China",
    "countryCode": "CN",
    "lat": "35",
    "long": "105",
    "brand": null,
    "operator": "China Mobile Limited",
    "status": "Operational",
    "bands": null,
    "notes": null
  },
  {
    "plmn": "50215",
    "nibbledPlmn": "05F251",
    "mcc": "502",
    "mnc": "15",
    "region": "Oceania",
    "type": "National",
    "countryName": "Malaysia",
    "countryCode": "MY",
    "lat": "2.5",
    "long": "112.5",
    "brand": null,
    "operator": "YTL Communications Sdn. Bhd.",
    "status": "Operational",
    "bands": null,
    "notes": null
  },
  {
    "plmn": "72236",
    "nibbledPlmn": "27F263",
    "mcc": "722",
    "mnc": "36",
    "region": "South and Central America",
    "type": "National",
    "countryName": "Argentina",
    "countryCode": "AR",
    "lat": "-34",
    "long": "-64",
    "brand": null,
    "operator": "Telecom Argentina S.A.",
    "status": "Operational",
    "bands": null,
    "notes": null
  },
  {
    "plmn": "316010",
    "nibbledPlmn": "130610",
    "mcc": "316",
    "mnc": "010",
    "region": "North America and the Caribbean",
    "type": "National",
    "countryName": "United States of America",
    "countryCode": "US",
    "lat": "39.828175",
    "long": "-98.5795",
    "brand": null,
    "operator": "Sprint Corporation",
    "status": "Operational",
    "bands": null,
    "notes": null
  },
  {
    "plmn": "544110",
    "nibbledPlmn": "450411",
    "mcc": "544",
    "mnc": "110",
    "region": "North America and the Caribbean",
    "type": "National",
    "countryName": "American Samoa (United States of America)",
    "countryCode": "AS",
    "lat": "-14.3333333",
    "long": "-170",
    "brand": null,
    "operator": "AST Telecom, LLC",
    "status": "Operational",
    "bands": null,
    "notes": null
  },
  {
    "plmn": "655122",
    "nibbledPlmn": "562521",
    "mcc": "655",
    "mnc": "122",
    "region": "Africa",
    "type": "National",
    "countryName": "South Africa",
    "countryCode": "ZA",
    "lat": "-30",
    "long": "26",
    "brand": null,
    "operator": "Mobile Telephone Networks (Pty) Ltd.",
    "status": "Operational",
    "bands": null,
    "notes": null
  }
]
